/p/scratch/project/user/msg_bt.trace;double;33298679
/p/scratch/project/user/msg_lu.trace;double;24264871
/p/scratch/project/user/msg_sppm.fp64;double;34874483
/p/scratch/project/user/msg_sp.trace;double;36263232
/p/scratch/project/user/msg_sweep3d.trace;double;15716403
/p/scratch/project/user/num_brain.trace;double;17730000
/p/scratch/project/user/num_comet.trace;double;13418496
/p/scratch/project/user/num_control.trace;double;19938093
/p/scratch/project/user/num_plasma.trace;double;4386200
/p/scratch/project/user/obs_error.trace;double;7770102
/p/scratch/project/user/obs_info.trace;double;2366316
/p/scratch/project/user/obs_spitzer.trace;double;24772608
